optimizer,cpu,memory,time,epochs,predictions,dataset,loss,accuracy
adagrad,22.5656,12.1101,29.2718,2,217.5015,14,0.43784,0.76042
adam,21.2359,15.2645,24.8396,2,130.5009,16,0.04673,0.98958
adamax,22.6984,15.1366,28.6688,2,217.5015,15,0.15042,0.96354
ftrl,20.2562,17.5304,25.5298,2,435.0031,16,0.28125,0.92188
nadam,22.5688,17.2764,28.0944,2,217.5015,15,0.06812,0.98438
sgd,22.2109,18.9656,24.5508,2,174.0012,16,0.0835,0.96354
rmsprop,20.5406,19.6438,25.9018,2,130.5009,16,0.10089,0.96875
adadelta,21.8438,18.7684,26.1672,2,304.5021,4,1.21251,0.25
adagrad,22.1953,19.722,28.395,2,435.0031,13,0.34127,0.82292
adam,22.4469,20.2207,25.4792,2,217.5015,16,0.05508,0.98958
adamax,23.9391,19.512,27.6137,2,391.5027,15,0.17326,0.94271
ftrl,21.5984,20.6375,24.0621,2,43.5003,15,0.24429,0.94792
nadam,22.7609,19.9729,31.0405,2,304.5021,15,0.0878,0.95833
sgd,23.3734,21.4447,29.4661,2,391.5027,16,0.08999,0.94792
rmsprop,20.7672,22.0175,25.3631,2,87.0006,16,0.0342,0.97917
adadelta,21.7297,22.1046,24.487,2,43.5003,10,0.58512,0.625
adagrad,22.9375,22.2859,30.0186,2,391.5027,12,0.43537,0.72917
adam,23.4484,22.8275,29.8921,2,348.0024,15,0.13709,0.94271
adamax,22.9078,22.3981,25.1311,2,43.5003,16,0.12054,0.95833
ftrl,23.8719,23.1957,28.6939,2,391.5027,15,0.32376,0.875
nadam,28.1078,22.7338,51.0787,2,217.5015,14,0.11399,0.94271
sgd,21.3781,22.6313,37.2045,2,87.0006,16,0.08427,0.96354
rmsprop,22.6109,22.7157,25.5793,2,43.5003,16,0.11681,0.96875
adadelta,22.9797,22.9387,26.7107,2,87.0006,7,0.75319,0.53125
adagrad,21.8734,23.4003,24.6818,2,87.0006,16,0.23999,0.93229
adam,22.9391,23.3472,26.8944,2,130.5009,16,0.04499,0.98958
adamax,21.2484,23.2607,27.6086,2,174.0012,16,0.11212,0.94792
ftrl,22.9562,23.7916,29.1484,2,348.0024,16,0.30741,0.91146
nadam,21.5312,23.4222,27.6383,2,217.5015,15,0.14252,0.93229
sgd,23.0125,23.2578,28.8168,2,348.0024,16,0.109,0.95312
rmsprop,21.2281,24.0563,24.6892,2,87.0006,16,0.04717,0.98958
adadelta,21.9656,23.8069,26.6105,2,174.0012,7,1.07573,0.24479
adagrad,22.0047,24.8935,26.4481,2,130.5009,14,0.2325,0.92188
adam,22.2953,24.0524,25.8954,2,174.0012,16,0.0782,0.97396
adamax,24.0203,24.355,27.14,2,217.5015,16,0.13045,0.97396
ftrl,23.9547,24.0276,26.8186,2,87.0006,16,0.23283,0.92708
nadam,21.3047,24.0692,27.5018,2,174.0012,16,0.06321,0.98958
sgd,22.2031,24.5633,28.586,2,435.0031,16,0.10155,0.95833
rmsprop,21.65,24.5394,26.3871,2,217.5015,16,0.07256,0.97396
adadelta,21.9719,24.9046,30.0835,2,348.0024,11,0.6787,0.59375
adagrad,22.0156,24.4404,26.7598,2,130.5009,15,0.21066,0.90625
adam,23.5844,24.8,25.5168,2,130.5009,15,0.10191,0.96875
adamax,20.0547,24.9681,25.6435,2,43.5003,15,0.0721,0.97917
ftrl,23.1234,25.3837,26.1217,2,130.5009,16,0.22394,0.96354
nadam,21.9609,24.9627,27.3126,2,174.0012,16,0.07183,0.98958
sgd,22.8297,25.3022,23.6214,2,87.0006,16,0.03959,0.99479
rmsprop,22.15,25.6875,25.6481,2,130.5009,16,0.08404,0.98438
adadelta,21.3422,25.3882,24.7812,2,130.5009,8,0.81978,0.51042
adagrad,22.2906,25.0717,25.6835,2,130.5009,13,0.21918,0.92188
adam,22.1797,26.0312,30.1862,2,435.0031,15,0.1133,0.96354
adamax,21.2203,25.0709,25.8793,2,174.0012,16,0.1142,0.95833
ftrl,23.0187,25.0972,25.3639,2,43.5003,16,0.21991,0.95312
nadam,22.5781,25.2674,25.8825,2,87.0006,15,0.04061,0.98958
sgd,22.4516,25.2093,29.5507,2,391.5027,16,0.08782,0.97396
rmsprop,22.1016,25.8382,29.0083,2,435.0031,16,0.26019,0.88021
adadelta,20.1203,26.3747,26.9801,2,261.0018,3,0.99629,0.35938
adagrad,23.6328,26.0265,30.8752,2,348.0024,16,0.40759,0.70312
adam,20.4219,26.4346,24.6639,2,261.0018,15,0.09583,0.97917
adamax,23.0297,25.6618,25.5968,2,87.0006,16,0.0957,0.97396
ftrl,21.9438,25.5701,29.3013,2,391.5027,15,0.30865,0.90104
nadam,22.3297,25.1134,28.3431,2,261.0018,16,0.08643,0.97917
sgd,21.925,26.1799,28.3898,2,217.5015,14,0.07121,0.98438
rmsprop,23.6812,25.6753,26.4846,2,130.5009,16,0.02364,0.99479
adadelta,20.3563,26.0761,25.4224,2,174.0012,9,0.84279,0.50521
adagrad,21.0625,26.8402,26.3585,2,174.0012,15,0.35512,0.80729
adam,21.3891,26.421,26.4752,2,174.0012,16,0.13148,0.94271
adamax,19.9875,26.4924,24.9267,2,217.5015,15,0.17215,0.93229
ftrl,23.4344,26.727,26.5484,2,87.0006,16,0.24939,0.90104
nadam,22.3031,26.2794,25.4996,2,87.0006,16,0.0727,0.96875
sgd,20.8812,26.2572,26.5565,2,304.5021,16,0.08159,0.96875
rmsprop,21.3312,26.9497,26.068,2,261.0018,16,0.09468,0.97917
adadelta,21.3078,26.9321,23.1813,2,43.5003,8,0.94519,0.41146
adagrad,23.2375,27.09,29.1943,2,348.0024,11,0.40434,0.77083
adam,21.0984,27.1074,29.3656,2,348.0024,16,0.12244,0.96354
adamax,20.1781,27.5921,25.5451,2,217.5015,16,0.12888,0.94271
ftrl,21.6859,26.9738,24.0026,2,174.0012,16,0.22198,0.9375
nadam,23.1641,26.7152,28.8829,2,304.5021,16,0.11939,0.94792
sgd,20.1547,26.9442,25.235,2,130.5009,16,0.08113,0.97917
rmsprop,20.4078,27.3205,26.3756,2,174.0012,15,0.05428,0.98438
adadelta,21.0187,27.0478,30.4337,2,391.5027,3,0.91639,0.40104
adagrad,23.1141,26.837,28.6939,2,304.5021,14,0.48644,0.72917
adam,22.2641,27.2632,27.5877,2,261.0018,16,0.05956,0.96354
adamax,19.7594,27.6547,23.9339,2,87.0006,16,0.10344,0.97396
ftrl,21.8328,27.9737,27.8355,2,391.5027,16,0.26113,0.91146
nadam,23.0156,26.8981,27.3757,2,261.0018,16,0.07633,0.96875
sgd,21.3375,26.7908,29.5907,2,435.0031,16,0.11572,0.96875
rmsprop,22.45,27.3256,25.743,2,261.0018,16,0.12303,0.97396
adadelta,21.9734,27.0585,29.1187,2,435.0031,8,0.75561,0.48438
adagrad,23.1938,26.9775,28.4621,2,348.0024,15,0.2783,0.92708
adam,20.3375,27.1271,26.8642,2,348.0024,15,0.07795,0.96875
adamax,23.3016,27.2867,28.6162,2,435.0031,16,0.16926,0.93229
ftrl,21.0594,27.3616,25.4728,2,174.0012,16,0.27866,0.95833
nadam,23.1328,27.3303,29.6228,2,391.5027,16,0.1166,0.96354
sgd,23.825,27.5834,28.6807,2,435.0031,14,0.12289,0.9375
rmsprop,22.8,27.712,25.3782,2,130.5009,15,0.29871,0.92708
adadelta,21.7484,27.6085,23.2872,2,87.0006,8,1.09975,0.27083
adagrad,22.0922,27.2377,27.2928,2,217.5015,14,0.39366,0.80208
adam,20.3734,27.9962,25.0137,2,87.0006,15,0.05692,0.98438
adamax,22.4406,27.1821,28.1999,2,174.0012,16,0.12729,0.94792
ftrl,20.5984,27.2247,26.3287,2,391.5027,15,0.27327,0.93229
nadam,22.1781,27.3397,29.9614,2,391.5027,16,0.13695,0.94792
sgd,22.8703,27.3185,23.913,2,43.5003,16,0.06643,0.97917
rmsprop,24.1562,27.4287,25.7513,2,130.5009,16,0.09125,0.97396
adadelta,20.7938,27.4085,26.1753,2,304.5021,8,0.8105,0.54688
adagrad,21.6594,27.4254,25.8325,2,174.0012,16,0.24975,0.91667
adam,21.7703,27.572,26.6459,2,174.0012,16,0.08131,0.97396
adamax,22.1703,27.522,25.2667,2,174.0012,14,0.12246,0.96354
ftrl,20.5203,27.7795,27.1853,2,348.0024,16,0.29026,0.89062
nadam,19.9891,27.5969,25.1303,2,217.5015,16,0.06286,0.98438
sgd,21.4109,27.5083,25.8327,2,261.0018,15,0.07847,0.97917
rmsprop,22.2344,27.7413,23.1846,2,43.5003,16,0.034,0.98958
adadelta,20.1625,27.9751,25.8241,2,261.0018,9,0.76136,0.48958
adagrad,22.5797,27.9314,27.0875,2,348.0024,15,0.25945,0.90104
adam,23.4781,27.7237,27.8839,2,174.0012,15,0.05501,0.99479
adamax,22.0938,28.1501,28.1622,2,435.0031,13,0.21744,0.875
ftrl,22.9234,27.7566,24.1404,2,43.5003,16,0.22818,0.93229
nadam,22.9906,27.6403,27.0345,2,130.5009,16,0.09566,0.96354
sgd,20.75,28.4828,28.667,2,261.0018,16,0.1171,0.95312
rmsprop,22.5578,28.6122,30.0737,2,435.0031,16,0.10732,0.95833
adadelta,24.0578,28.2052,28.1792,2,304.5021,8,0.89155,0.34896
adagrad,21.2688,27.907,30.4729,2,435.0031,15,0.32533,0.83333
adam,22.3062,28.0471,27.4829,2,261.0018,15,0.09262,0.96875
adamax,21.0547,28.0031,28.6566,2,304.5021,16,0.18652,0.92708
ftrl,21.8969,28.1663,27.9648,2,217.5015,15,0.28386,0.92188
nadam,23.1016,27.8546,30.857,2,348.0024,14,0.09473,0.98438
sgd,22.0766,27.9878,28.3221,2,304.5021,16,0.07805,0.97917
rmsprop,24.2234,27.9754,28.4754,2,348.0024,15,0.07691,0.97396
adadelta,22.2797,27.8024,28.6948,2,174.0012,6,0.79952,0.52083
adagrad,22.8172,28.1517,23.5667,2,43.5003,14,0.21705,0.92188
adam,20.6875,28.1696,28.3952,2,304.5021,16,0.07353,0.97917
adamax,23.3484,28.0953,29.4177,2,261.0018,15,0.1416,0.95312
ftrl,22.1078,28.0984,27.4912,2,217.5015,16,0.24541,0.90104
nadam,22.1547,27.9396,25.554,2,130.5009,16,0.06967,0.97396
sgd,23.7547,28.2336,27.7753,2,174.0012,16,0.08898,0.95833
rmsprop,22.875,28.2395,26.4407,2,261.0018,16,0.0786,0.98958
adadelta,22.1906,28.1426,28.0782,2,304.5021,4,0.90451,0.39062
adagrad,21.1297,28.2325,23.6537,2,43.5003,14,0.24591,0.89062
adam,22.5719,28.1693,28.2689,2,304.5021,15,0.09173,0.95312
adamax,22.4641,28.1477,26.7163,2,217.5015,16,0.17799,0.91667
ftrl,21.4156,28.0485,46.7666,2,217.5015,16,0.30047,0.83854
nadam,19.6328,28.1304,35.737,2,435.0031,16,0.08272,0.98438
sgd,16.0672,28.5124,39.1556,2,435.0031,15,0.13029,0.95833
rmsprop,20.8578,28.5663,35.6728,2,174.0012,15,0.03076,0.98958
adadelta,19.0875,28.525,32.4614,2,174.0012,3,0.80756,0.50521
adagrad,19.4797,28.6212,32.8636,2,217.5015,15,0.40727,0.77604
adam,18.4531,28.4871,35.7086,2,87.0006,15,0.0479,0.98958
adamax,19.7656,28.2941,34.8322,2,217.5015,14,0.15024,0.93229
ftrl,19.1859,28.3477,32.7211,2,43.5003,15,0.24432,0.91667
nadam,20.1391,28.2058,30.8799,2,87.0006,15,0.05874,0.98438
sgd,18.5641,28.2848,34.1884,2,348.0024,15,0.10368,0.95312
rmsprop,19.2266,28.5645,31.7524,2,87.0006,16,0.10459,0.96354
adadelta,18.6797,28.6777,34.741,2,304.5021,10,0.78743,0.47917
adagrad,19.4,28.9878,37.0736,2,261.0018,15,0.35172,0.84375
adam,15.6312,28.7276,34.2558,2,174.0012,14,0.08477,0.95833
adamax,17.3656,28.4935,35.349,2,174.0012,15,0.16573,0.95312
ftrl,20.3078,28.5731,34.9114,2,348.0024,15,0.22123,0.92708
nadam,18.5391,28.3042,33.8803,2,391.5027,14,0.07833,0.98438
sgd,17.4172,28.4588,38.5256,2,391.5027,13,0.19688,0.89583
rmsprop,20.3359,28.929,29.8918,2,217.5015,16,0.03852,0.97917
adadelta,19.575,28.7277,34.9956,2,391.5027,7,0.71248,0.59375
adagrad,19.1875,28.7644,33.7769,2,130.5009,15,0.20605,0.92188
adam,17.7422,28.5923,37.6508,2,435.0031,15,0.07832,0.96354
adamax,18.5656,28.7353,33.5828,2,130.5009,15,0.12891,0.96875
ftrl,17.6781,28.7673,30.1547,2,217.5015,14,0.29347,0.875
nadam,16.8688,28.4343,37.7944,2,217.5015,16,0.10181,0.95312
sgd,16.7328,28.5782,36.3771,2,348.0024,16,0.12032,0.96354
rmsprop,19.3562,28.7864,34.2088,2,348.0024,16,0.07754,0.97917
adadelta,19.8453,28.6826,35.8025,2,348.0024,11,0.57034,0.61458
adagrad,21.0016,28.7084,29.2492,2,43.5003,16,0.28885,0.82812
adam,17.9,29.0178,29.428,2,217.5015,16,0.09882,0.95833
adamax,20.4328,29.0886,29.1826,2,43.5003,15,0.10644,0.97396
ftrl,17.1469,29.3694,34.8172,2,435.0031,15,0.30403,0.88542
nadam,16.6094,29.0645,33.9,2,43.5003,15,0.05062,0.98438
sgd,19.9938,29.0854,33.6351,2,348.0024,16,0.09547,0.96354
rmsprop,18.8781,29.1584,32.5704,2,174.0012,16,0.04699,0.97396
adadelta,18.3531,29.1104,28.6404,2,43.5003,6,1.10798,0.46354
adagrad,18.2391,29.1621,34.3705,2,87.0006,14,0.31363,0.85417
adam,21.2625,29.205,32.311,2,261.0018,15,0.07306,0.97917
adamax,15.4125,29.2037,34.1778,2,174.0012,16,0.14322,0.95833
ftrl,17.3375,29.6781,33.371,2,435.0031,15,0.32121,0.875
nadam,19.2953,29.0183,35.6102,2,304.5021,16,0.10955,0.95312
sgd,18.65,29.1646,34.0695,2,261.0018,16,0.10611,0.96875
rmsprop,17.2938,29.1412,31.3579,2,174.0012,16,0.12037,0.94792
adadelta,18.7531,29.279,33.561,2,130.5009,7,0.89862,0.43229
adagrad,19.1359,29.2417,35.5239,2,261.0018,15,0.28237,0.85938
adam,19.7,29.1389,33.0878,2,348.0024,15,0.08326,0.97396
adamax,17.95,29.392,33.2329,2,217.5015,16,0.15103,0.95312
ftrl,19.7984,29.3173,29.6847,2,304.5021,15,0.31243,0.89583
nadam,17.9766,29.3216,33.4141,2,261.0018,16,0.09318,0.96354
sgd,19.1687,29.1731,39.6144,2,391.5027,16,0.12655,0.94271
rmsprop,20.6672,29.3398,32.0162,2,435.0031,16,0.08435,0.96875
adadelta,19.0766,29.2108,32.9341,2,261.0018,12,0.57753,0.65104
adagrad,19.8547,29.265,39.1086,2,348.0024,13,0.40447,0.71354
adam,17.975,28.9853,41.1686,2,435.0031,15,0.08617,0.96354
adamax,17.1344,29.7682,38.2985,2,304.5021,16,0.14215,0.93229
ftrl,19.2359,29.3987,40.4113,2,261.0018,16,0.23938,0.9375
nadam,19.4422,29.4508,36.402,2,217.5015,16,0.04976,0.98958
sgd,18.0734,29.4688,34.9481,2,261.0018,16,0.11575,0.93229
rmsprop,19.0703,29.5403,27.7072,2,174.0012,16,0.00629,1.0
adadelta,19.0688,29.4662,31.2808,2,87.0006,8,0.95161,0.40104
adagrad,17.4031,29.5383,36.8351,2,391.5027,15,0.31131,0.84375
adam,21.1719,29.4569,35.1654,2,348.0024,16,0.05164,0.99479
adamax,17.1516,29.5706,36.4059,2,348.0024,15,0.13172,0.96354
ftrl,19.6562,29.3833,33.0953,2,304.5021,16,0.31431,0.86458
nadam,20.6234,29.4239,28.085,2,43.5003,16,0.05296,0.98438
sgd,19.0734,29.2386,32.5712,2,87.0006,15,0.07736,0.96875
rmsprop,19.9625,29.255,30.4285,2,43.5003,15,0.10114,0.98438
adadelta,18.4312,29.2078,36.2875,2,261.0018,7,0.85435,0.54167
adagrad,17.4156,29.551,34.9947,2,217.5015,14,0.28342,0.875
adam,19.8375,29.3171,33.7636,2,261.0018,16,0.06548,0.97396
adamax,17.9219,29.2629,36.9697,2,435.0031,16,0.12997,0.94792
ftrl,18.3844,29.4428,36.1412,2,348.0024,14,0.26921,0.875
nadam,15.0547,29.311,34.7117,2,348.0024,16,0.055,0.97396
sgd,19.0203,29.7553,41.9432,2,217.5015,16,0.14372,0.94271
rmsprop,19.1016,29.5641,31.3065,2,43.5003,16,0.09843,0.97917
adadelta,19.0719,29.6917,32.5706,2,435.0031,8,0.90406,0.42188
adagrad,19.6219,29.7562,34.9564,2,174.0012,15,0.33303,0.83333
adam,17.6047,29.9328,39.2629,2,261.0018,16,0.11864,0.96354
adamax,17.0266,29.8244,35.4028,2,261.0018,16,0.11737,0.96354
ftrl,18.7266,29.7535,43.7438,2,217.5015,15,0.32994,0.86979
nadam,18.2125,29.5824,33.0514,2,130.5009,16,0.06971,0.98438
sgd,19.0391,29.5122,29.417,2,43.5003,16,0.07923,0.97917
rmsprop,18.1656,29.6503,35.2488,2,304.5021,16,0.04339,0.97917
adadelta,19.15,29.5328,33.0946,2,174.0012,12,0.56083,0.60417
adagrad,17.8906,29.6931,31.6071,2,261.0018,15,0.32039,0.83854
adam,17.5891,29.6184,39.2185,2,435.0031,16,0.11365,0.97396
adamax,18.3672,29.5714,39.1264,2,348.0024,13,0.18727,0.91667
ftrl,18.7391,29.8175,33.354,2,435.0031,16,0.26551,0.88542
nadam,19.7406,29.5501,31.3364,2,174.0012,16,0.05185,0.98958
sgd,18.1828,29.5104,34.5739,2,391.5027,16,0.08135,0.97917
rmsprop,20.2031,29.7088,26.6454,2,87.0006,16,0.11123,0.97917
adadelta,17.4469,29.6106,40.3356,2,261.0018,5,0.75286,0.53125
adagrad,19.3937,29.6333,35.364,2,261.0018,12,0.4072,0.76562
adam,18.3719,29.6853,29.0455,2,130.5009,15,0.09088,0.96354
adamax,19.7172,29.8169,36.1584,2,261.0018,16,0.13186,0.94792
ftrl,18.0656,29.8212,34.0111,2,174.0012,15,0.20095,0.94792
nadam,16.1312,29.612,33.8966,2,43.5003,16,0.08248,0.95833
sgd,18.8313,29.5641,38.9856,2,348.0024,15,0.08402,0.97396
rmsprop,18.4797,29.6092,34.2542,2,43.5003,16,0.0751,0.95833
adadelta,19.5453,29.5869,34.0405,2,130.5009,10,0.67781,0.55208
adagrad,21.6484,29.6668,30.3124,2,43.5003,12,0.2888,0.82812
adam,22.8188,29.6244,31.4717,2,435.0031,16,0.16963,0.91667
adamax,17.7922,29.7048,34.172,2,217.5015,16,0.10163,0.96875
ftrl,18.2766,29.7091,39.7487,2,348.0024,16,0.33988,0.84375
nadam,17.9359,29.6587,42.9724,2,217.5015,16,0.10475,0.94271
sgd,20.8844,29.6813,28.7362,2,43.5003,16,0.04673,0.98438
rmsprop,16.9703,29.7391,32.0468,2,261.0018,16,0.07973,0.97396
adadelta,20.2734,29.7468,33.9492,2,348.0024,13,0.6084,0.59375
adagrad,20.125,29.9707,30.7275,2,391.5027,15,0.17736,0.94792
adam,16.0609,29.8339,32.5518,2,348.0024,16,0.09865,0.95833
adamax,18.425,29.9615,35.3491,2,87.0006,14,0.16088,0.92188
ftrl,16.6359,29.9346,35.4436,2,435.0031,15,0.24933,0.94271
nadam,18.9469,29.5531,32.3883,2,43.5003,16,0.06712,0.96875
sgd,21.9281,29.5227,25.5628,2,43.5003,14,0.06077,0.97917
rmsprop,18.5094,29.5579,32.7325,2,87.0006,16,0.14699,0.96354
adadelta,19.6609,29.5428,38.8534,2,348.0024,5,0.75194,0.54167
adagrad,16.0109,29.7212,37.4142,2,261.0018,16,0.23702,0.92188
adam,18.8359,29.6862,39.0933,2,348.0024,15,0.06883,0.98438
adamax,20.4625,29.8318,24.5982,2,87.0006,15,0.13369,0.96354
ftrl,20.1406,29.7843,32.468,2,304.5021,16,0.28284,0.89062
nadam,16.0594,29.7358,34.7984,2,130.5009,15,0.05732,0.97396
sgd,20.1641,29.7733,28.3982,2,43.5003,16,0.06639,0.97917
rmsprop,17.8219,29.8059,35.9459,2,348.0024,16,0.04845,0.98958
adadelta,17.4125,29.9096,40.8126,2,261.0018,10,0.84066,0.45833
adagrad,17.65,29.9752,36.5513,2,391.5027,16,0.35146,0.85417
adam,17.9641,29.8119,35.6676,2,174.0012,16,0.09997,0.95312
adamax,18.175,30.0019,29.4731,2,43.5003,16,0.08913,0.98438
ftrl,17.1953,29.9595,35.1386,2,217.5015,16,0.30004,0.89583
nadam,17.7391,29.9564,37.8712,2,435.0031,16,0.11826,0.95312
sgd,19.25,29.9555,35.3302,2,348.0024,16,0.0891,0.96875
rmsprop,19.8844,30.0843,27.5265,2,130.5009,16,0.04969,0.99479
adadelta,21.2047,29.9678,30.0466,2,43.5003,4,0.99329,0.47917
adagrad,18.9,29.9781,33.3091,2,87.0006,16,0.27374,0.85938
adam,19.2312,30.1397,39.6408,2,348.0024,16,0.12209,0.9375
adamax,18.5344,30.1386,38.6368,2,348.0024,15,0.2078,0.90625
ftrl,19.6359,30.1656,38.7409,2,435.0031,16,0.27237,0.89062
nadam,16.7469,29.9386,33.4906,2,261.0018,15,0.06193,0.98438
sgd,18.7,29.9613,37.8879,2,391.5027,14,0.06846,0.96875
rmsprop,17.6437,29.878,41.6812,2,391.5027,15,0.10919,0.95833
adadelta,18.5375,30.0815,33.3854,2,174.0012,5,0.96867,0.42188
adagrad,21.1313,30.3551,27.4842,2,87.0006,15,0.26221,0.92708
adam,20.2125,30.431,32.2209,2,87.0006,16,0.06458,0.97396
adamax,17.8625,30.4309,31.413,2,304.5021,16,0.15902,0.93229
ftrl,20.0375,29.9974,32.247,2,391.5027,15,0.25638,0.88542
nadam,16.5062,29.9275,32.8383,2,87.0006,14,0.07668,0.96354
sgd,18.3062,29.9258,28.8438,2,43.5003,16,0.09479,0.95833
rmsprop,18.9062,30.2582,29.6174,2,174.0012,16,0.08235,0.96875
adadelta,16.8625,30.1203,37.0649,2,174.0012,7,0.72338,0.51562
adagrad,17.8563,30.2982,33.9942,2,391.5027,13,0.36038,0.81771
adam,18.6953,30.21,32.6524,2,217.5015,15,0.07436,0.97396
adamax,17.8016,30.2321,38.1859,2,391.5027,15,0.12307,0.94271
ftrl,17.4156,30.3445,35.7513,2,261.0018,14,0.29503,0.89583
nadam,21.0625,30.2265,31.4931,2,391.5027,16,0.11003,0.95312
sgd,19.0422,30.2883,36.3928,2,435.0031,16,0.09647,0.95312
rmsprop,17.4953,30.1302,37.0015,2,391.5027,16,0.07162,0.98438
adadelta,18.8531,30.4586,29.559,2,304.5021,2,0.93714,0.375
adagrad,19.1484,30.2744,31.4669,2,43.5003,13,0.21652,0.94792
adam,16.0594,30.2083,32.9798,2,130.5009,16,0.08106,0.96354
adamax,20.5453,30.2911,33.0837,2,391.5027,15,0.16291,0.93229
ftrl,17.9984,30.2451,33.4656,2,130.5009,14,0.27218,0.93229
nadam,17.7766,30.2396,35.4347,2,304.5021,16,0.10781,0.95833
sgd,19.0391,30.2385,36.315,2,261.0018,16,0.12234,0.95833
rmsprop,20.9844,30.2603,34.3488,2,391.5027,16,0.10506,0.96354
adadelta,18.5828,30.1796,35.7556,2,174.0012,12,0.63775,0.66146
adagrad,18.3312,30.4297,34.7516,2,348.0024,15,0.29369,0.88542
adam,18.8203,30.1968,35.5248,2,87.0006,16,0.07309,0.98438
adamax,19.4125,30.2815,37.0926,2,174.0012,16,0.14434,0.94792
ftrl,18.1453,30.2772,31.1073,2,43.5003,15,0.27412,0.89062
nadam,21.3563,30.277,29.3354,2,435.0031,15,0.11547,0.9375
sgd,18.2047,30.3574,36.6732,2,261.0018,14,0.09566,0.94271
rmsprop,18.0031,30.3824,31.7119,2,261.0018,16,0.11774,0.96354
adadelta,18.5688,30.3632,30.3546,2,261.0018,5,0.87139,0.47396
adagrad,18.1453,30.3704,40.1838,2,304.5021,14,0.33155,0.85417
adam,18.6828,30.4464,37.1963,2,217.5015,16,0.11007,0.95312
adamax,18.2688,30.0406,29.8799,2,43.5003,14,0.1185,0.96354
ftrl,19.7641,30.0069,32.7335,2,130.5009,16,0.25143,0.91667
nadam,18.9031,30.1841,32.0455,2,304.5021,16,0.09159,0.95833
sgd,18.7766,30.2644,33.4002,2,304.5021,15,0.09007,0.97917
rmsprop,18.8703,30.2416,37.2111,2,391.5027,15,0.01889,0.99479
adadelta,17.675,30.2645,36.3572,2,348.0024,7,0.86682,0.45833
adagrad,19.3297,30.4152,35.8233,2,391.5027,12,0.50328,0.625
adam,18.5312,30.5879,33.4862,2,87.0006,16,0.05297,0.97917
adamax,19.8703,30.3612,32.0487,2,217.5015,16,0.1682,0.94271
ftrl,18.85,30.2226,34.2376,2,391.5027,15,0.27371,0.90625
nadam,18.2687,30.2381,40.5269,2,435.0031,16,0.07738,0.96354
sgd,20.4781,30.306,29.8522,2,348.0024,16,0.09551,0.96875
rmsprop,17.9734,30.5152,32.5043,2,130.5009,16,0.03504,0.99479
adadelta,18.8094,30.6304,31.3322,2,130.5009,13,0.5443,0.69792
adagrad,17.3453,30.1301,31.5781,2,43.5003,15,0.24455,0.89062
adam,18.1469,30.3142,36.8887,2,348.0024,15,0.10614,0.96875
adamax,18.0594,30.3372,39.4595,2,174.0012,16,0.12365,0.95833
ftrl,15.0141,30.4706,39.009,2,435.0031,16,0.23529,0.92708
nadam,19.0812,30.2898,36.9509,2,261.0018,13,0.10141,0.96354
sgd,18.1016,30.3329,33.6157,2,174.0012,16,0.08813,0.97396
rmsprop,17.7188,30.4662,35.0451,2,435.0031,15,0.05497,0.98438
adadelta,19.5734,30.4413,32.439,2,87.0006,12,0.63149,0.55729
adagrad,18.7203,30.3668,33.4157,2,261.0018,16,0.21428,0.9375
adam,18.0141,30.4184,32.2323,2,348.0024,14,0.10225,0.95312
adamax,20.6609,30.4253,29.299,2,87.0006,15,0.09006,0.96875
ftrl,17.9344,30.4136,33.8823,2,174.0012,16,0.25885,0.88021
nadam,17.3609,30.46,44.5316,2,348.0024,15,0.0773,0.97396
sgd,17.7703,30.6132,29.0662,2,43.5003,15,0.07042,0.97917
rmsprop,18.1562,30.3347,36.6565,2,348.0024,16,0.09325,0.96354
adadelta,17.5859,30.3766,36.1966,2,435.0031,11,0.74698,0.51042
adagrad,18.8062,30.407,31.2676,2,130.5009,16,0.28508,0.89583
adam,17.1219,30.5598,38.6455,2,435.0031,16,0.10007,0.97917
adamax,19.7234,30.4584,28.7942,2,130.5009,16,0.1105,0.97396
ftrl,17.5906,30.5454,34.9248,2,174.0012,16,0.29448,0.91667
nadam,18.2953,30.4912,28.8889,2,87.0006,15,0.09048,0.96875
sgd,21.6562,30.5417,37.862,2,348.0024,16,0.0991,0.96354
rmsprop,18.3594,30.5439,30.9205,2,87.0006,15,0.03973,0.98438
adadelta,18.3125,30.4718,34.9896,2,261.0018,8,0.76966,0.58333
adagrad,19.8453,30.4249,33.6176,2,130.5009,14,0.28302,0.83333
adam,19.6078,30.5311,36.3216,2,217.5015,15,0.11547,0.94271
adamax,21.1906,30.478,33.374,2,304.5021,16,0.15588,0.94271
ftrl,18.4828,30.4892,36.7066,2,348.0024,14,0.27782,0.91667
nadam,18.0359,30.4697,37.1129,2,348.0024,15,0.0752,0.96875
sgd,17.0109,30.5278,43.1591,2,391.5027,16,0.12785,0.93229
rmsprop,19.5422,30.5787,31.3589,2,174.0012,16,0.00894,1.0
adadelta,17.0672,30.5848,37.6385,2,348.0024,11,0.69207,0.53646
adagrad,18.9125,30.5794,33.2009,2,130.5009,16,0.33551,0.80729
adam,20.4531,30.5385,34.4406,2,174.0012,16,0.06213,0.97396
adamax,17.0266,30.5583,33.6296,2,217.5015,16,0.18279,0.94271
ftrl,18.5734,30.7577,33.267,2,87.0006,16,0.21601,0.9375
nadam,18.6125,30.5358,31.7783,2,43.5003,15,0.07659,0.97396
sgd,18.6734,30.6659,34.1902,2,435.0031,15,0.1,0.97917
rmsprop,18.375,30.5488,31.7118,2,130.5009,16,0.02142,0.99479
adadelta,19.75,30.5927,32.0264,2,174.0012,6,0.82736,0.50521
adagrad,17.0812,30.505,31.041,2,87.0006,15,0.27067,0.92188
adam,18.3594,30.5592,31.8708,2,261.0018,16,0.04045,0.98958
adamax,17.0094,30.7228,39.2716,2,391.5027,15,0.15419,0.94792
ftrl,19.4734,30.7285,35.207,2,174.0012,13,0.28513,0.90104
nadam,17.3734,30.4894,28.0893,2,43.5003,16,0.0385,0.99479
sgd,18.9359,30.4379,32.0817,2,87.0006,15,0.07267,0.96875
rmsprop,17.4547,30.6704,37.4162,2,304.5021,16,0.15138,0.96875
adadelta,18.9656,30.8569,34.7054,2,348.0024,13,0.55593,0.70312
adagrad,19.9484,30.7865,33.402,2,391.5027,16,0.33147,0.82292
adam,21.5188,30.7146,32.4503,2,43.5003,16,0.06672,0.97917
adamax,18.7328,30.7975,37.6089,2,391.5027,15,0.21833,0.91146
ftrl,18.0875,30.6736,34.2135,2,174.0012,14,0.24443,0.96354
nadam,18.8406,30.5894,35.1667,2,261.0018,16,0.16859,0.92188
sgd,18.7734,30.7456,38.7465,2,435.0031,15,0.10016,0.95312
rmsprop,19.4219,30.8448,32.6564,2,391.5027,16,0.13019,0.94271
adadelta,16.4844,30.7903,36.1104,2,348.0024,8,0.63022,0.59375
adagrad,19.8016,30.8349,30.9953,2,304.5021,15,0.325,0.86458
adam,20.1766,30.5505,32.895,2,217.5015,16,0.05162,0.98438
adamax,16.5172,30.5891,33.0017,2,130.5009,16,0.09332,0.96354
ftrl,20.7172,30.8261,32.6831,2,261.0018,15,0.31796,0.86458
nadam,21.2578,30.7849,31.191,2,261.0018,16,0.14781,0.93229
sgd,18.5219,30.771,31.1782,2,130.5009,15,0.0798,0.96875
rmsprop,16.6391,30.5905,43.3371,2,435.0031,16,0.16043,0.92708
adadelta,17.8109,30.7718,36.6146,2,348.0024,5,0.75827,0.47917
adagrad,18.5641,30.8848,30.7012,2,174.0012,16,0.27725,0.88542
adam,17.7688,30.9722,35.3065,2,261.0018,16,0.0576,0.97917
adamax,19.4953,30.9867,33.0961,2,348.0024,16,0.15519,0.93229
ftrl,18.9531,30.7222,36.8821,2,435.0031,15,0.32887,0.84375
nadam,17.5688,30.6824,34.8117,2,174.0012,16,0.06791,0.99479
sgd,15.6266,30.6003,35.4336,2,43.5003,15,0.0677,0.96875
rmsprop,16.8047,30.6976,37.4766,2,261.0018,16,0.07083,0.97396
adadelta,18.7203,30.664,33.2038,2,130.5009,5,0.63184,0.63542
adagrad,18.6891,30.5782,29.1728,2,174.0012,14,0.32578,0.85938
adam,18.5859,30.6935,33.1489,2,435.0031,15,0.10403,0.95833
adamax,18.5828,30.747,39.4656,2,304.5021,14,0.12948,0.96875
ftrl,20.8781,30.6599,30.9718,2,174.0012,16,0.26554,0.89583
nadam,19.5781,30.5649,28.9916,2,130.5009,16,0.08777,0.96875
sgd,17.6203,30.8887,30.7296,2,261.0018,16,0.09081,0.97396
rmsprop,20.7047,30.7871,32.2743,2,348.0024,15,0.03923,0.98958
adadelta,17.2172,30.7294,31.8025,2,435.0031,9,0.63129,0.57812
adagrad,19.1609,30.7674,36.944,2,391.5027,14,0.30888,0.85938
adam,22.2906,31.0734,31.031,2,261.0018,16,0.08763,0.95833
adamax,18.1516,30.9085,37.9995,2,391.5027,16,0.17998,0.93229
ftrl,18.6359,30.8304,38.3432,2,435.0031,15,0.35276,0.81771
nadam,19.4016,30.8541,31.9856,2,174.0012,16,0.11909,0.95312
sgd,19.9688,30.8347,32.6842,2,87.0006,15,0.06898,0.98438
rmsprop,15.275,30.7985,37.5382,2,217.5015,15,0.07256,0.96875
adadelta,17.4094,30.8307,39.658,2,391.5027,5,0.8511,0.38542
adagrad,21.4141,30.8458,38.5504,2,174.0012,16,0.24194,0.89062
adam,16.5062,30.9544,40.1521,2,261.0018,16,0.11059,0.95312
adamax,17.7672,30.9288,37.7005,2,435.0031,16,0.13175,0.95312
ftrl,20.4766,31.1813,30.4506,2,217.5015,16,0.24493,0.9375
nadam,18.4516,31.0278,27.555,2,87.0006,16,0.04556,0.98958
sgd,19.9188,31.1642,30.275,2,174.0012,16,0.0751,0.96354
rmsprop,16.7891,31.0772,37.875,2,304.5021,15,0.06369,0.97396
adadelta,18.7266,30.6548,38.3476,2,435.0031,7,0.7193,0.52604
adagrad,18.0141,30.9156,35.2791,2,217.5015,16,0.32208,0.81771
adam,17.6828,30.8573,31.8587,2,261.0018,16,0.05947,0.98438
adamax,20.6406,30.9178,36.4742,2,435.0031,15,0.20326,0.91667
ftrl,19.6234,30.9387,33.2795,2,261.0018,16,0.31046,0.875
nadam,18.3922,30.9253,34.4569,2,217.5015,16,0.09108,0.96354
sgd,21.2016,30.9516,29.3636,2,87.0006,15,0.05799,0.97396
rmsprop,18.3375,30.787,36.38,2,174.0012,15,0.08195,0.97396
adadelta,17.2609,31.1316,34.8039,2,304.5021,6,0.83171,0.43229
adagrad,18.8234,30.8976,33.8551,2,348.0024,15,0.32985,0.84896
adam,18.1469,30.7255,34.1122,2,391.5027,16,0.06761,0.97396
adamax,17.9969,30.9172,36.997,2,130.5009,16,0.11786,0.96354
ftrl,18.2109,30.9704,38.8565,2,435.0031,15,0.31695,0.88542
nadam,18.2203,31.0154,36.0917,2,304.5021,16,0.04509,0.98958
sgd,19.3125,30.9233,30.5764,2,435.0031,16,0.0973,0.97396
rmsprop,18.5078,31.1429,30.6426,2,348.0024,16,0.05209,0.97917
adadelta,17.3094,31.0019,33.8842,2,87.0006,8,0.70948,0.52604
adagrad,19.6328,30.9064,29.1812,2,217.5015,16,0.2375,0.90104
adam,21.1766,31.1878,36.6627,2,348.0024,15,0.1038,0.95312
adamax,18.9969,31.3108,32.9185,2,174.0012,16,0.132,0.94271
ftrl,18.8953,31.2515,27.8462,2,130.5009,14,0.2509,0.95312
nadam,18.6594,30.999,37.8957,2,435.0031,15,0.10839,0.95833
sgd,20.2797,30.8722,33.0529,2,348.0024,16,0.07528,0.97917
rmsprop,20.4562,30.9259,30.3959,2,87.0006,16,0.06926,0.96354
adadelta,16.2234,31.0853,34.1519,2,261.0018,9,0.63937,0.61979
adagrad,18.7453,30.9628,34.3404,2,217.5015,14,0.34782,0.77604
adam,18.5187,30.8836,33.1857,2,261.0018,16,0.09585,0.96875
adamax,18.1453,31.0494,31.3977,2,174.0012,14,0.09359,0.97396
ftrl,17.7547,30.9615,42.0325,2,435.0031,15,0.22254,0.95312
nadam,19.3812,30.898,36.1037,2,174.0012,16,0.06072,0.97917
sgd,18.3594,30.9565,36.7095,2,348.0024,15,0.14605,0.92708
rmsprop,20.4125,30.8432,33.6859,2,304.5021,15,0.06396,0.95833
adadelta,16.65,30.9676,37.3071,2,435.0031,12,0.63694,0.625
adagrad,20.2562,31.142,28.157,2,261.0018,15,0.27788,0.86979
adam,17.0266,31.0766,36.1993,2,87.0006,16,0.0457,0.98438
adamax,18.6609,31.0391,33.2322,2,348.0024,15,0.16444,0.91667
ftrl,16.9422,31.0111,32.5517,2,217.5015,16,0.28246,0.90104
nadam,19.7328,31.0287,29.8253,2,174.0012,16,0.09023,0.96875
sgd,18.4312,31.1984,31.6928,2,348.0024,16,0.11761,0.95833
rmsprop,18.1938,31.0191,33.0203,2,87.0006,15,0.06838,0.97396
adadelta,17.5312,31.043,38.2935,2,348.0024,5,0.91838,0.5
adagrad,18.6203,31.1564,34.8364,2,174.0012,16,0.2673,0.86979
adam,19.2953,31.3413,32.0923,2,217.5015,15,0.08237,0.96875
adamax,18.6828,31.1217,29.972,2,43.5003,16,0.11601,0.96354
ftrl,18.2469,31.1058,37.3621,2,174.0012,15,0.2262,0.96354
nadam,18.0188,30.8825,31.2113,2,43.5003,15,0.04785,0.98438
sgd,20.2031,31.0811,35.1589,2,130.5009,15,0.11228,0.94792
rmsprop,18.2672,31.1269,36.2243,2,217.5015,16,0.04698,0.97917
adadelta,16.0547,31.0599,38.4062,2,391.5027,8,0.8561,0.41146
adagrad,19.3781,31.0681,25.5457,2,43.5003,13,0.2269,0.92708
adam,18.6484,31.0262,41.9337,2,391.5027,14,0.1238,0.95312
adamax,19.5094,31.0798,31.0657,2,43.5003,16,0.10708,0.94271
ftrl,18.7609,31.0819,35.9699,2,348.0024,15,0.31468,0.88021
nadam,19.6719,31.0371,35.8442,2,435.0031,16,0.10502,0.94792
sgd,19.0562,31.0861,31.6079,2,174.0012,16,0.06797,0.97396
rmsprop,16.9625,31.2508,34.396,2,174.0012,16,0.12211,0.95312
adadelta,18.2812,31.4985,37.5626,2,435.0031,5,1.08884,0.28125
adagrad,18.0641,30.9957,30.51,2,87.0006,14,0.20121,0.94271
adam,17.7984,31.0386,32.5314,2,130.5009,16,0.05252,0.97917
adamax,20.6625,31.2354,41.3676,2,304.5021,16,0.12101,0.96354
ftrl,18.0375,30.9855,35.5692,2,217.5015,14,0.30135,0.91667
nadam,17.8188,30.93,35.3127,2,304.5021,16,0.08878,0.97396
sgd,18.7047,31.1017,28.9221,2,43.5003,16,0.0807,0.96875
rmsprop,16.5047,31.0574,33.9828,2,391.5027,16,0.08558,0.94271
adadelta,17.6094,30.9374,41.4507,2,435.0031,8,0.78989,0.48438
adagrad,21.0406,31.053,33.3182,2,217.5015,16,0.30129,0.83854
adam,17.4531,31.0973,31.8145,2,43.5003,16,0.03919,0.98438
adamax,19.4859,31.5067,33.3058,2,435.0031,14,0.12176,0.95312
ftrl,18.7344,31.1496,34.8985,2,261.0018,13,0.25073,0.91667
nadam,18.0562,31.0598,39.564,2,435.0031,15,0.09548,0.94271
sgd,18.5859,30.8529,31.7631,2,87.0006,16,0.07306,0.98958
rmsprop,19.975,31.0557,32.5972,2,217.5015,16,0.01379,0.99479
adadelta,19.6281,31.0221,32.1132,2,304.5021,6,0.8304,0.47396
adagrad,18.4828,31.052,41.7383,2,130.5009,16,0.31233,0.89062
adam,18.8266,31.0796,29.7801,2,87.0006,16,0.05039,0.98958
adamax,17.0781,31.1694,27.2044,2,130.5009,16,0.13924,0.93229
ftrl,18.3828,31.3708,30.5249,2,43.5003,16,0.24916,0.93229
nadam,17.3188,31.2009,33.4729,2,261.0018,16,0.10036,0.96354
sgd,19.2703,30.9848,35.5228,2,217.5015,16,0.08261,0.96875
rmsprop,18.0672,31.0524,33.9086,2,130.5009,15,0.11543,0.96354
adadelta,19.5438,31.3087,31.6056,2,217.5015,10,0.76458,0.51562
adagrad,18.8062,31.014,34.6375,2,304.5021,16,0.24626,0.91146
adam,19.9766,30.9653,37.0419,2,391.5027,16,0.14549,0.94271
adamax,17.6625,31.1245,34.7494,2,304.5021,15,0.1471,0.97396
ftrl,20.1609,30.9303,38.6098,2,304.5021,16,0.25459,0.93229
nadam,17.5297,31.054,32.2577,2,261.0018,15,0.11062,0.95312
sgd,20.6797,31.0271,32.1365,2,174.0012,15,0.07651,0.98438
rmsprop,17.4813,31.0302,36.2215,2,261.0018,15,0.09644,0.96354
adadelta,17.2656,31.0779,34.9308,2,217.5015,9,0.7692,0.51562
adagrad,18.3094,31.0784,36.4527,2,304.5021,15,0.35773,0.78125
adam,20.0359,30.9545,30.4948,2,87.0006,14,0.08448,0.94792
adamax,17.2672,31.0357,35.2995,2,174.0012,16,0.17327,0.92188
ftrl,19.9312,31.0516,32.8694,2,261.0018,16,0.30693,0.85938
nadam,18.3875,31.0495,25.8404,2,87.0006,16,0.08419,0.97396
sgd,17.2172,30.9254,37.9027,2,217.5015,16,0.07505,0.97396
rmsprop,18.2531,31.014,35.9709,2,435.0031,16,0.0475,0.98438
adadelta,19.0359,31.2624,42.4103,2,391.5027,9,0.72408,0.53125
adagrad,19.0812,31.0308,30.0109,2,261.0018,16,0.34473,0.79688
adam,18.7844,31.0976,32.9007,2,217.5015,16,0.11537,0.95312
adamax,21.2391,30.9801,27.7788,2,43.5003,16,0.11346,0.95833
ftrl,18.4094,30.8711,37.7979,2,348.0024,15,0.32763,0.85417
nadam,20.5016,31.0266,28.8118,2,174.0012,16,0.1205,0.94271
sgd,19.7969,30.924,32.0593,2,304.5021,16,0.12545,0.9375
rmsprop,18.9266,31.1821,28.2955,2,43.5003,15,0.06274,0.97917
adadelta,18.7687,31.3163,30.1648,2,87.0006,10,0.78307,0.49479
adagrad,17.0219,31.7048,32.0501,2,130.5009,16,0.23726,0.89062
adam,16.7344,31.5576,33.0538,2,174.0012,16,0.09446,0.95833
adamax,20.5703,31.4043,34.162,2,348.0024,15,0.2076,0.91667
ftrl,18.2656,31.2101,31.7717,2,217.5015,15,0.31938,0.86979
nadam,16.7344,31.1451,46.2449,2,348.0024,15,0.13133,0.95312
sgd,17.5234,31.1049,32.0242,2,87.0006,15,0.05416,0.98958
rmsprop,20.2688,31.1258,29.5756,2,87.0006,16,0.05652,0.98438
adadelta,19.1641,31.5686,39.1938,2,348.0024,11,0.91102,0.46875
adagrad,19.1344,31.0779,33.2406,2,391.5027,16,0.28952,0.92708
adam,19.9047,31.0443,28.7479,2,43.5003,16,0.06299,0.98438
adamax,20.4078,31.0844,35.4119,2,217.5015,14,0.12187,0.95833
ftrl,20.1391,31.203,29.1437,2,261.0018,14,0.22959,0.92708
nadam,19.3937,31.1933,36.5336,2,174.0012,16,0.09865,0.94271
sgd,18.6688,31.0859,32.9973,2,43.5003,14,0.05685,0.96875
rmsprop,19.5078,31.0209,31.8181,2,43.5003,15,0.09098,0.97396
adadelta,20.2141,31.0578,29.9477,2,174.0012,6,0.86644,0.40104
adagrad,19.3719,31.196,35.037,2,130.5009,13,0.25169,0.90104
adam,19.7531,31.1894,35.8143,2,174.0012,15,0.0635,0.97917
adamax,17.9547,31.2053,29.3626,2,87.0006,16,0.12044,0.96354
ftrl,20.6719,31.0028,33.6558,2,435.0031,14,0.29651,0.90625
nadam,19.6406,31.334,30.8296,2,43.5003,16,0.06754,0.97917
sgd,17.4703,31.1955,28.5831,2,87.0006,16,0.14557,0.95833
rmsprop,19.6203,31.2805,28.4704,2,87.0006,16,0.06892,0.96875
adadelta,19.475,31.1404,36.3186,2,174.0012,4,0.89763,0.39062
adagrad,19.0438,31.1385,36.2466,2,217.5015,15,0.36919,0.80729
adam,19.0172,31.1777,35.2653,2,348.0024,15,0.07078,0.98438
adamax,21.1,31.1703,30.4934,2,87.0006,15,0.12131,0.96354
ftrl,18.9453,31.1168,31.5905,2,43.5003,16,0.21106,0.95833
nadam,15.7609,31.1307,34.454,2,217.5015,14,0.11766,0.9375
sgd,19.3453,31.1241,32.6812,2,304.5021,15,0.08522,0.97396
rmsprop,20.6641,31.1116,31.309,2,87.0006,16,0.06441,0.98438
adadelta,17.9953,31.2009,32.8676,2,130.5009,8,0.72234,0.54167
adagrad,15.9578,31.3746,33.3183,2,391.5027,15,0.27145,0.89062
adam,19.4125,31.2966,30.1242,2,174.0012,16,0.09183,0.95312
adamax,19.2812,31.058,40.997,2,217.5015,16,0.16463,0.92188
ftrl,18.1266,31.2983,30.3806,2,130.5009,16,0.20277,0.94792
nadam,19.5703,31.0938,31.1555,2,43.5003,16,0.054,0.98958
sgd,18.4453,31.2455,33.4922,2,217.5015,16,0.11394,0.97396
rmsprop,19.1953,31.1967,32.4116,2,304.5021,15,0.06753,0.96875
adadelta,19.2109,31.3242,30.9215,2,87.0006,3,0.96328,0.33333
adagrad,19.7328,31.2158,38.4754,2,391.5027,15,0.44218,0.77604
adam,18.1906,31.2079,36.7358,2,304.5021,16,0.08628,0.96354
adamax,15.4688,31.2731,32.0413,2,261.0018,15,0.15527,0.92708
ftrl,19.0625,31.1767,41.0731,2,304.5021,16,0.3272,0.875
nadam,18.6984,31.3176,36.4254,2,348.0024,15,0.13179,0.9375
sgd,19.9219,31.4666,27.0592,2,43.5003,15,0.07324,0.97917
rmsprop,17.0234,31.4743,36.4232,2,435.0031,16,0.12318,0.93229
adadelta,16.9531,31.5015,36.0592,2,304.5021,8,0.91766,0.36979
adagrad,18.0094,31.4723,51.274,2,304.5021,15,0.3612,0.79688
adam,19.2172,31.4768,34.9633,2,348.0024,16,0.16131,0.94792
adamax,18.0391,31.19,33.6008,2,435.0031,16,0.14402,0.95833
ftrl,18.5016,31.3862,35.9718,2,391.5027,16,0.31575,0.875
nadam,18.7734,31.2428,36.0531,2,130.5009,16,0.07391,0.97396
sgd,17.0344,31.7165,42.7936,2,348.0024,16,0.11025,0.95833
rmsprop,20.2422,31.7099,38.2438,2,391.5027,16,0.12933,0.95833
adadelta,17.85,31.3777,42.5525,2,87.0006,6,0.80453,0.50521
adagrad,20.0953,31.2799,30.0067,2,130.5009,15,0.27814,0.85938
adam,19.4219,31.5997,31.1982,2,130.5009,16,0.08905,0.96875
adamax,18.6953,31.635,36.6755,2,348.0024,15,0.17553,0.9375
ftrl,18.6438,31.3921,32.9419,2,174.0012,16,0.25518,0.88542
nadam,17.8781,31.4096,34.0829,2,43.5003,15,0.04653,1.0
sgd,18.3141,31.354,33.0164,2,87.0006,16,0.0899,0.96354
rmsprop,17.6875,31.185,32.0332,2,217.5015,16,0.07107,0.97396
adadelta,19.2375,31.2747,30.7386,2,130.5009,5,0.88612,0.41667
adagrad,18.0,31.2244,33.1744,2,130.5009,15,0.31188,0.84896
adam,19.1484,31.3551,37.4108,2,435.0031,16,0.13325,0.9375
adamax,18.5125,31.527,36.0312,2,435.0031,15,0.19568,0.91667
ftrl,19.6281,31.5106,36.9652,2,261.0018,15,0.27011,0.91146
nadam,17.9969,31.299,32.8299,2,304.5021,16,0.07591,0.98958
sgd,17.5375,31.2882,41.6081,2,348.0024,16,0.08691,0.96875
rmsprop,18.8719,31.3747,34.2791,2,435.0031,16,0.08695,0.95833
adadelta,18.2922,31.7602,32.5792,2,87.0006,8,1.20255,0.41146
adagrad,18.5578,31.3512,28.4284,2,43.5003,15,0.25856,0.92188
adam,18.9719,31.4568,33.5871,2,391.5027,16,0.11502,0.94792
adamax,16.1859,31.3426,38.6601,2,391.5027,15,0.1975,0.89583
ftrl,18.5859,31.6237,30.653,2,174.0012,15,0.23905,0.93229
nadam,20.3703,31.5452,27.7366,2,43.5003,14,0.06911,0.97917
sgd,19.1906,32.0085,28.5683,2,43.5003,16,0.06685,0.96875
rmsprop,19.2531,31.4859,32.7778,2,304.5021,15,0.02712,0.98958
adadelta,17.2547,31.5876,38.1446,2,435.0031,9,0.87994,0.40625
adagrad,17.6406,31.3566,38.1714,2,435.0031,12,0.36544,0.77604
adam,20.0078,31.4047,32.6562,2,391.5027,16,0.07956,0.96875
adamax,17.1031,31.4382,40.7806,2,435.0031,12,0.16368,0.92188
ftrl,18.3281,31.4323,39.3668,2,435.0031,15,0.34791,0.88542
nadam,17.6781,31.4668,33.2256,2,174.0012,16,0.06751,0.98958
sgd,17.8391,31.5434,42.5137,2,435.0031,16,0.1156,0.9375
rmsprop,20.3781,31.8654,34.9753,2,348.0024,16,0.11308,0.95833
adadelta,15.5922,32.1191,38.8592,2,435.0031,4,1.00777,0.35938
adagrad,18.1016,31.5542,29.2325,2,435.0031,14,0.29572,0.91146
adam,20.9703,31.5943,28.8102,2,130.5009,16,0.08362,0.97917
adamax,19.6422,31.378,34.7996,2,217.5015,14,0.17196,0.91146
ftrl,19.7469,31.5732,32.9611,2,174.0012,16,0.27186,0.88021
nadam,19.2094,31.5708,34.5259,2,87.0006,16,0.12322,0.94792
sgd,19.7547,31.5398,33.2833,2,348.0024,16,0.06487,0.96875
rmsprop,19.1625,31.5577,30.3637,2,87.0006,16,0.04142,0.98438
adadelta,18.6219,31.5836,34.5552,2,174.0012,7,0.69485,0.5625
adagrad,18.7344,31.9201,31.5164,2,130.5009,16,0.28732,0.88021
adam,22.4109,31.5223,30.3865,2,261.0018,16,0.08063,0.96875
adamax,18.8141,31.5777,31.0847,2,130.5009,16,0.12751,0.9375
ftrl,18.2312,31.6871,28.0802,2,43.5003,15,0.20553,0.96354
nadam,17.9234,31.5006,39.3612,2,261.0018,16,0.11547,0.96354
sgd,20.4516,31.542,30.8796,2,391.5027,15,0.11235,0.95312
rmsprop,20.0406,31.5313,31.4719,2,217.5015,15,0.05038,0.97917
adadelta,17.7828,31.5495,38.8537,2,174.0012,10,0.80002,0.54688
adagrad,19.3844,31.6278,30.6994,2,217.5015,15,0.32574,0.85417
adam,19.625,31.7961,30.6909,2,217.5015,16,0.10157,0.96354
adamax,16.7578,31.622,35.7306,2,87.0006,15,0.16668,0.94271
ftrl,17.775,31.7158,35.7463,2,87.0006,15,0.22644,0.95833
nadam,18.5203,31.6747,38.4146,2,435.0031,16,0.08615,0.97396
sgd,16.4797,31.6967,35.533,2,348.0024,16,0.10027,0.96875
rmsprop,17.0594,31.6905,36.7085,2,348.0024,16,0.19156,0.94792
adadelta,22.4344,31.7517,28.781,2,130.5009,8,0.89934,0.45833
adagrad,16.45,31.6733,31.7417,2,43.5003,14,0.28748,0.90104
adam,18.0938,31.908,30.6314,2,261.0018,15,0.10519,0.96354
adamax,18.4625,31.5928,28.7522,2,130.5009,14,0.12011,0.9375
ftrl,20.0562,31.6825,29.1958,2,87.0006,15,0.25636,0.92708
nadam,19.4094,31.684,29.2139,2,87.0006,16,0.07975,0.97396
sgd,19.6203,31.657,27.5183,2,87.0006,16,0.06199,0.98438
rmsprop,18.5187,31.4817,33.9335,2,348.0024,16,0.03512,0.98438
adadelta,18.9172,31.7112,34.2606,2,435.0031,10,0.68073,0.59896
adagrad,18.0266,31.6692,37.5355,2,217.5015,14,0.36154,0.77604
adam,21.1594,31.6787,26.7817,2,87.0006,15,0.04933,0.98438
adamax,18.9141,32.0654,31.4602,2,174.0012,16,0.15006,0.94792
ftrl,17.3563,31.8004,31.5868,2,261.0018,14,0.28594,0.88542
nadam,18.8734,31.9362,36.3088,2,391.5027,16,0.0921,0.97396
sgd,20.7469,31.7523,29.9917,2,261.0018,16,0.08471,0.96354
rmsprop,20.6578,31.7598,30.965,2,261.0018,16,0.04448,0.98438
adadelta,17.9594,31.7715,33.9755,2,435.0031,5,0.78054,0.52083
adagrad,19.7047,31.8484,36.6916,2,217.5015,13,0.38877,0.79688
adam,19.225,31.8153,33.4718,2,130.5009,16,0.0843,0.96875
adamax,18.6875,31.9617,32.579,2,130.5009,16,0.14265,0.95833
ftrl,19.7125,31.7965,42.9784,2,435.0031,16,0.28275,0.92188
nadam,19.3438,31.7516,31.049,2,43.5003,16,0.06941,0.96354
sgd,18.55,31.8196,38.103,2,304.5021,15,0.09954,0.95833
rmsprop,18.7344,31.654,36.9866,2,435.0031,14,0.20183,0.92188
adadelta,18.8406,31.9192,29.201,2,87.0006,15,0.53229,0.60417
adagrad,21.8141,31.7496,25.9584,2,87.0006,15,0.25487,0.875
adam,21.1312,31.769,31.457,2,435.0031,16,0.10434,0.96875
adamax,20.6922,31.7372,31.0988,2,435.0031,15,0.12917,0.94792
ftrl,17.7141,31.7722,33.1547,2,304.5021,16,0.30784,0.85938
nadam,16.9359,31.6506,39.4184,2,435.0031,16,0.11982,0.9375
sgd,18.7156,31.7778,31.4329,2,174.0012,16,0.10471,0.95833
rmsprop,20.0031,31.6404,35.1793,2,261.0018,15,0.1475,0.93229
adadelta,18.2812,31.8087,29.7011,2,43.5003,5,0.87064,0.4375
adagrad,19.6891,31.7985,36.163,2,261.0018,13,0.24935,0.89583
adam,18.4219,31.9066,34.4701,2,304.5021,16,0.0912,0.97917
adamax,17.0656,32.019,32.9145,2,261.0018,16,0.18126,0.92708
ftrl,15.2703,31.7329,42.7503,2,391.5027,16,0.30919,0.92188
nadam,17.1453,31.8739,33.8865,2,87.0006,16,0.05742,0.98958
sgd,19.7078,31.8545,33.62,2,261.0018,15,0.07143,0.98438
rmsprop,18.4828,31.8468,34.3186,2,174.0012,16,0.06422,0.97917
adadelta,19.1625,31.7457,30.7823,2,87.0006,11,0.64762,0.59896
adagrad,20.475,31.9201,34.2505,2,217.5015,12,0.38962,0.75
adam,18.675,31.9355,38.7713,2,435.0031,16,0.10468,0.95312
adamax,17.7812,31.75,35.5456,2,174.0012,15,0.17153,0.90104
ftrl,18.8391,32.2223,38.7978,2,391.5027,16,0.32484,0.875
nadam,18.3453,32.3344,39.1866,2,87.0006,15,0.059,0.97396
sgd,19.8781,32.3362,38.369,2,435.0031,16,0.09854,0.97396
rmsprop,18.9266,32.3466,32.2132,2,87.0006,15,0.08828,0.97396
adadelta,17.7531,32.0918,32.8433,2,304.5021,5,0.9158,0.44271
adagrad,19.9328,32.2083,31.5126,2,261.0018,16,0.34067,0.84896
adam,18.3172,31.8841,36.6187,2,174.0012,16,0.06932,0.96875
adamax,18.0562,31.9453,38.9836,2,174.0012,16,0.15008,0.94792
ftrl,20.9406,31.8171,31.0128,2,261.0018,16,0.23656,0.96354
nadam,18.1328,31.7558,31.7998,2,304.5021,15,0.08343,0.95833
sgd,18.6312,31.9146,27.9311,2,87.0006,16,0.09037,0.97917
rmsprop,19.3953,32.0282,34.5997,2,348.0024,15,0.13713,0.96875
adadelta,17.9672,32.2126,37.9858,2,435.0031,7,0.78845,0.48438
adagrad,18.7594,32.1749,38.29,2,391.5027,16,0.35464,0.79167
adam,17.6062,32.5221,38.4028,2,435.0031,15,0.1271,0.94792
adamax,18.7391,32.3972,38.4732,2,391.5027,15,0.1308,0.94792
ftrl,16.9875,32.1048,36.9829,2,174.0012,16,0.2441,0.94271
nadam,18.5484,31.9106,37.6313,2,348.0024,16,0.1123,0.94792
sgd,18.9203,32.1196,37.2802,2,348.0024,15,0.09551,0.95833
rmsprop,16.6141,32.9959,32.1843,2,43.5003,16,0.0699,0.97917
adadelta,19.3203,32.771,35.6571,2,391.5027,13,0.78373,0.40104
adagrad,17.6688,31.7868,32.1621,2,130.5009,15,0.37826,0.77083
adam,18.1281,31.8876,32.0845,2,87.0006,15,0.08158,0.96875
adamax,19.2313,31.9222,32.5597,2,217.5015,16,0.17541,0.94271
ftrl,18.8594,31.9054,36.1981,2,261.0018,16,0.21079,0.94792
nadam,17.7719,31.8918,35.8408,2,391.5027,16,0.06998,0.98958
sgd,20.8922,32.0732,36.1853,2,130.5009,16,0.07222,0.97917
rmsprop,18.3688,31.8594,32.8384,2,87.0006,14,0.13827,0.94792
adadelta,21.0969,31.9013,29.3547,2,217.5015,7,0.6406,0.59896
adagrad,19.6359,31.883,31.4571,2,391.5027,15,0.4049,0.81771
adam,19.6562,31.9535,31.2047,2,130.5009,16,0.07662,0.96875
adamax,19.6266,31.8834,33.319,2,391.5027,16,0.12286,0.95833
ftrl,19.0844,32.0102,45.6424,2,435.0031,15,0.2492,0.90104
nadam,17.0156,31.9597,37.7861,2,435.0031,16,0.0797,0.96354
sgd,19.9047,32.1523,29.9939,2,348.0024,15,0.12452,0.94792
rmsprop,20.6453,31.9964,30.8078,2,261.0018,16,0.03039,0.98958
adadelta,18.0344,31.9608,29.1324,2,43.5003,6,0.86152,0.44792
adagrad,17.7234,31.8558,31.6239,2,304.5021,15,0.28437,0.86979
adam,18.9,32.1985,30.484,2,174.0012,15,0.07871,0.97917
adamax,17.7297,32.134,35.7467,2,130.5009,16,0.10709,0.97917
ftrl,19.2531,31.9746,31.0355,2,43.5003,16,0.21307,0.95833
nadam,17.7375,31.9287,29.5802,2,130.5009,16,0.0881,0.96875
sgd,17.9672,31.9304,38.309,2,261.0018,16,0.09205,0.96354
rmsprop,17.5828,31.8523,38.065,2,348.0024,16,0.11805,0.94271
adadelta,19.3422,32.0177,30.2615,2,130.5009,7,0.63545,0.61979
adagrad,20.3422,31.9197,32.986,2,261.0018,16,0.52516,0.66146
adam,19.9578,32.0677,32.3654,2,391.5027,16,0.08538,0.96354
adamax,18.2203,32.4939,34.7002,2,217.5015,15,0.14293,0.95312
ftrl,17.775,32.4451,35.4667,2,261.0018,14,0.2208,0.92188
nadam,19.8828,32.089,30.259,2,130.5009,16,0.08566,0.96875
sgd,20.9094,32.1157,24.3619,2,87.0006,16,0.05765,0.98438
rmsprop,20.0406,32.0068,30.733,2,174.0012,16,0.11949,0.95312
adadelta,17.6422,32.1288,32.6892,2,174.0012,4,0.96581,0.30729
adagrad,19.0938,32.7906,34.6765,2,391.5027,15,0.38961,0.8125
adam,20.2859,32.6231,27.4208,2,130.5009,16,0.05779,0.98958
adamax,19.5859,32.4844,32.2846,2,261.0018,15,0.10724,0.98438
ftrl,18.9172,32.3765,29.2898,2,217.5015,16,0.22173,0.94271
nadam,17.3062,32.0215,38.8885,2,174.0012,16,0.07484,0.96354
sgd,18.8234,31.9784,39.6588,2,130.5009,14,0.1222,0.95312
rmsprop,20.5844,32.003,25.7907,2,43.5003,15,0.11355,0.95833
adadelta,18.4828,32.1577,32.5709,2,174.0012,10,0.64368,0.5625
adagrad,21.2281,31.9197,33.0324,2,304.5021,16,0.38624,0.8125
adam,17.9469,31.9337,34.9566,2,174.0012,16,0.05711,0.97917
adamax,19.9875,32.1008,28.4299,2,261.0018,16,0.12726,0.96875
ftrl,18.7922,32.0386,32.8603,2,87.0006,16,0.20597,0.96354
nadam,20.3359,31.8923,29.2546,2,43.5003,16,0.06123,0.98438
sgd,17.9953,32.1642,34.1338,2,391.5027,16,0.08809,0.96875
rmsprop,18.1266,32.1534,36.3786,2,435.0031,16,0.05656,0.97396
adadelta,16.8953,32.3355,37.7924,2,348.0024,9,0.68937,0.58854
adagrad,16.1625,32.3831,34.6436,2,261.0018,15,0.26808,0.90104
adam,16.6047,31.991,39.3168,2,391.5027,15,0.15946,0.91667
adamax,18.4047,32.3618,34.7745,2,348.0024,15,0.1259,0.95312
ftrl,17.9453,32.3284,35.4932,2,391.5027,16,0.28829,0.89583
nadam,18.5234,31.9079,32.0239,2,261.0018,15,0.11155,0.95833
sgd,19.5859,31.8992,42.9466,2,348.0024,16,0.11987,0.95312
rmsprop,18.9062,32.0387,30.9941,2,43.5003,16,0.04959,0.98438
adadelta,19.0328,32.2714,28.749,2,174.0012,10,0.70746,0.53646
adagrad,19.6,32.2777,36.627,2,391.5027,14,0.43437,0.76562
adam,20.8781,32.0236,32.9601,2,304.5021,15,0.10288,0.95312
adamax,19.9859,32.0028,25.7257,2,43.5003,16,0.14147,0.9375
ftrl,19.2516,31.9198,31.741,2,304.5021,16,0.23273,0.94271
nadam,19.7172,31.9038,34.7758,2,217.5015,16,0.05328,0.98438
sgd,20.6063,31.9404,25.3318,2,43.5003,16,0.08406,0.96354
rmsprop,19.1375,32.0382,33.3937,2,217.5015,16,0.08513,0.98438
adadelta,19.8422,32.1148,29.3042,2,87.0006,8,0.78089,0.52604
adagrad,17.8969,32.1894,30.226,2,130.5009,16,0.26818,0.88021
adam,18.1969,32.0456,33.0764,2,217.5015,16,0.07494,0.98438
adamax,17.5969,32.0758,31.3803,2,87.0006,16,0.12483,0.94792
ftrl,19.1156,32.0344,34.6803,2,261.0018,14,0.29609,0.90625
nadam,18.5187,32.0747,33.139,2,348.0024,15,0.1086,0.94792
sgd,18.9453,32.1428,31.9164,2,174.0012,16,0.06093,0.98958
rmsprop,17.6625,32.6142,40.9875,2,435.0031,16,0.10384,0.97396
adadelta,19.2078,32.0684,32.8186,2,435.0031,6,0.76954,0.5625
adagrad,18.1453,31.9793,35.961,2,435.0031,15,0.31994,0.84896
adam,19.8109,31.9476,29.5497,2,43.5003,16,0.04467,0.99479
adamax,20.4703,32.0593,28.7652,2,43.5003,15,0.1243,0.96354
ftrl,18.7547,32.2505,31.3167,2,217.5015,16,0.22128,0.94792
nadam,18.8453,31.9673,34.1549,2,87.0006,16,0.0878,0.95312
sgd,20.0203,31.9978,29.9263,2,43.5003,16,0.0875,0.97396
rmsprop,18.1672,32.7054,35.386,2,130.5009,16,0.03221,0.98958
adadelta,20.3563,32.1737,38.3119,2,348.0024,4,0.86508,0.375
adagrad,18.5797,32.137,39.5972,2,435.0031,16,0.29371,0.80208
adam,19.0719,32.0897,34.881,2,261.0018,16,0.13607,0.9375
adamax,18.3766,32.0959,28.352,2,43.5003,15,0.10321,0.97917
ftrl,17.8703,31.8901,30.3434,2,87.0006,16,0.19917,0.95833
nadam,17.3969,32.1019,35.3195,2,174.0012,16,0.08607,0.97917
sgd,19.0359,31.9346,33.6025,2,87.0006,16,0.08225,0.97396
rmsprop,18.0094,32.4373,35.7949,2,261.0018,16,0.07642,0.96354
adadelta,20.0438,32.262,32.2048,2,435.0031,7,0.90334,0.35417
adagrad,18.3312,32.0604,35.1077,2,348.0024,13,0.41592,0.82812
adam,19.3266,32.1566,29.7642,2,43.5003,16,0.05139,0.98438
adamax,17.4672,32.3041,34.6707,2,130.5009,16,0.10475,0.96875
ftrl,17.4656,32.0307,34.4409,2,261.0018,15,0.25858,0.89062
nadam,18.1125,32.0794,35.3608,2,217.5015,16,0.05265,0.97396
sgd,19.5672,32.1615,27.9663,2,217.5015,16,0.08857,0.96354
rmsprop,14.6156,32.0946,36.2215,2,348.0024,16,0.13699,0.96354
adadelta,14.4766,32.0571,34.843,2,87.0006,7,1.0844,0.26562
adagrad,20.5625,31.9383,29.6075,2,304.5021,15,0.30697,0.89062
adam,20.4516,32.127,28.2936,2,217.5015,16,0.09771,0.95833
adamax,19.8641,32.0504,36.2856,2,217.5015,13,0.16784,0.93229
ftrl,18.7906,31.9727,30.8944,2,130.5009,16,0.27542,0.92188
nadam,19.7922,32.0862,28.2638,2,87.0006,16,0.1038,0.95312
sgd,20.4656,31.9697,34.0195,2,261.0018,15,0.11984,0.96875
rmsprop,18.4891,32.6831,33.7608,2,391.5027,15,0.07816,0.97396
adadelta,18.9344,32.0459,35.3284,2,391.5027,3,0.78425,0.53646
adagrad,18.9453,32.2088,35.7662,2,435.0031,13,0.35818,0.81771
adam,19.9188,32.4384,33.603,2,217.5015,15,0.08683,0.96354
adamax,16.9891,32.4238,32.3944,2,261.0018,16,0.12183,0.96875
ftrl,19.6531,32.4118,27.1305,2,130.5009,15,0.22154,0.94271
nadam,17.2359,32.3925,39.2108,2,435.0031,15,0.08194,0.96875
sgd,18.9172,32.207,33.8408,2,304.5021,16,0.10131,0.96875
rmsprop,19.0844,32.3202,32.7258,2,174.0012,16,0.08393,0.96354
adadelta,16.5609,32.3508,35.307,2,348.0024,9,0.73837,0.5
adagrad,19.1734,32.6055,36.7636,2,261.0018,13,0.35379,0.85938
adam,18.5203,32.49,27.3827,2,87.0006,16,0.05134,0.97396
adamax,19.25,32.2651,34.5601,2,261.0018,14,0.17901,0.90625
ftrl,19.45,32.3388,38.3279,2,435.0031,14,0.32697,0.84896
nadam,20.8047,32.234,32.6616,2,174.0012,15,0.09893,0.97917
sgd,16.7094,32.5388,32.7362,2,174.0012,15,0.10944,0.96875
rmsprop,16.7828,32.2556,34.3248,2,217.5015,16,0.1457,0.95833
adadelta,19.0141,32.0263,35.3014,2,217.5015,12,0.69675,0.52083
adagrad,17.9906,32.3013,44.2075,2,348.0024,13,0.37107,0.81771
adam,17.8641,32.0286,33.8118,2,174.0012,15,0.12196,0.94271
adamax,18.975,32.4653,35.4514,2,391.5027,15,0.17383,0.92188
ftrl,17.4797,32.2329,30.6,2,43.5003,15,0.22689,0.94792
nadam,18.6641,32.2112,32.1391,2,87.0006,16,0.05139,0.98958
sgd,17.875,32.0232,30.1963,2,87.0006,13,0.08735,0.96875
rmsprop,17.7875,32.3843,37.8622,2,391.5027,16,0.08069,0.96354
adadelta,19.1828,32.1448,32.9388,2,435.0031,7,0.89093,0.38021
adagrad,18.9281,32.1808,36.541,2,435.0031,13,0.2513,0.95833
adam,19.1938,32.1107,31.8113,2,391.5027,16,0.09294,0.95833
adamax,19.0922,32.9248,39.4741,2,348.0024,15,0.16578,0.92708
ftrl,19.1906,32.5802,27.0543,2,130.5009,16,0.21779,0.95833
nadam,18.1109,32.3034,34.9182,2,130.5009,15,0.05811,0.98438
sgd,19.5547,32.1528,35.4586,2,174.0012,15,0.08076,0.98958
rmsprop,19.8203,32.375,31.6804,2,217.5015,15,0.04141,0.97917
adadelta,19.3281,32.2671,36.605,2,174.0012,9,0.74421,0.55208
adagrad,18.5125,32.1339,32.0526,2,87.0006,16,0.22807,0.91146
adam,18.8078,32.4094,36.9227,2,435.0031,16,0.09764,0.95833
adamax,18.2156,32.3493,37.25,2,391.5027,16,0.1382,0.94271
ftrl,18.7031,32.2686,34.5534,2,217.5015,16,0.28118,0.86458
nadam,18.0359,32.2212,33.4938,2,43.5003,16,0.05804,0.97396
sgd,16.7281,32.4011,35.4312,2,304.5021,16,0.08168,0.97396
rmsprop,18.0453,32.7969,36.0107,2,217.5015,16,0.06671,0.98438
adadelta,17.5109,32.6235,34.9084,2,435.0031,3,0.99998,0.33333
adagrad,17.8094,32.7619,34.067,2,217.5015,16,0.30312,0.89062
adam,19.2078,32.9886,36.8329,2,435.0031,15,0.10619,0.97396
adamax,17.875,32.7219,36.0031,2,304.5021,15,0.12446,0.96875
ftrl,16.5688,32.631,30.7736,2,130.5009,14,0.2886,0.91146
nadam,15.1906,32.4663,39.3732,2,391.5027,16,0.07608,0.97917
sgd,18.875,32.4403,29.9182,2,43.5003,16,0.07024,0.97396
rmsprop,17.6766,32.6886,28.1576,2,130.5009,16,0.10865,0.97917
adadelta,19.0344,32.2565,35.7032,2,391.5027,8,0.70719,0.55208
adagrad,18.7844,32.2003,35.4204,2,217.5015,15,0.21187,0.92188
adam,16.1188,32.2137,35.6446,2,261.0018,16,0.06851,0.98438
adamax,18.1828,32.2878,32.7984,2,130.5009,15,0.099,0.95833
ftrl,18.7516,32.0561,31.0953,2,261.0018,16,0.24179,0.93229
nadam,19.5234,32.1936,32.358,2,391.5027,15,0.14187,0.91667
sgd,15.9156,32.2547,36.4039,2,261.0018,16,0.0787,0.96354
rmsprop,20.6938,32.3159,30.737,2,348.0024,16,0.12062,0.95312
adadelta,21.8438,32.5636,29.8495,2,391.5027,6,0.73129,0.53125
adagrad,17.9719,32.5181,33.5957,2,217.5015,14,0.36405,0.79167
adam,17.5781,32.2606,35.7926,2,391.5027,16,0.12873,0.95312
adamax,19.4031,32.4884,31.98,2,217.5015,15,0.18541,0.91667
ftrl,20.1281,32.8753,31.2016,2,261.0018,15,0.2509,0.95312
nadam,20.7031,32.372,34.0393,2,174.0012,15,0.10289,0.95312
sgd,20.5938,32.5196,30.3409,2,348.0024,14,0.10425,0.94271
rmsprop,18.5922,32.3911,37.9829,2,435.0031,16,0.15194,0.95312
adadelta,18.9547,32.7642,30.035,2,217.5015,10,0.6729,0.63542
adagrad,19.1844,32.6645,26.9317,2,174.0012,15,0.25582,0.90625
adam,17.3781,32.5964,35.6197,2,304.5021,15,0.11893,0.96354
adamax,18.1078,32.4169,33.9623,2,43.5003,16,0.12969,0.96875
ftrl,19.4281,32.4169,34.0822,2,174.0012,15,0.27284,0.91146
nadam,18.0,32.3864,30.8741,2,43.5003,15,0.08126,0.97396
sgd,17.6703,32.5651,35.7353,2,174.0012,16,0.10252,0.97396
rmsprop,19.0156,32.5125,33.5594,2,217.5015,16,0.04595,0.97917
adadelta,17.9047,32.6099,32.0317,2,174.0012,6,0.85891,0.47917
adagrad,20.2016,32.5259,24.97,2,43.5003,15,0.22481,0.94792
adam,19.5516,32.6847,26.5673,2,43.5003,16,0.07367,0.97396
adamax,18.3656,32.6421,30.5792,2,130.5009,16,0.11723,0.97917
ftrl,19.1562,32.7319,33.91,2,217.5015,16,0.26567,0.89062
nadam,21.5812,32.7183,31.5318,2,174.0012,15,0.10367,0.95312
sgd,19.1234,32.8086,27.745,2,87.0006,15,0.06753,0.98438
rmsprop,20.7109,32.6983,27.4447,2,217.5015,16,0.02439,0.99479
adadelta,18.7969,32.6613,30.8361,2,87.0006,9,0.70816,0.54688
adagrad,18.8547,32.4542,34.6209,2,435.0031,13,0.34355,0.79688
adam,18.6844,32.575,33.9739,2,261.0018,15,0.09303,0.96875
adamax,22.4297,32.4346,39.8743,2,130.5009,15,0.12651,0.9375
ftrl,16.625,32.6081,32.9783,2,43.5003,16,0.21037,0.95833
nadam,18.7672,32.6081,31.5815,2,304.5021,16,0.08798,0.96875
sgd,18.6922,32.8195,27.318,2,43.5003,15,0.04432,0.97917
rmsprop,16.7953,32.563,35.0359,2,304.5021,15,0.09584,0.96875
adadelta,17.1766,32.6711,34.5657,2,435.0031,11,0.97997,0.38021
adagrad,18.8188,32.5321,37.6327,2,304.5021,14,0.34476,0.79688
adam,17.9797,32.8502,41.519,2,217.5015,16,0.08522,0.97396